{
  "n_orbits": 40,
  "total_pixels": 118358243,
  "recal": {
    "Overall": {
      "n": 118358243,
      "agree": 68.63604928640247,
      "pod": 85.20169570821707,
      "far": 11.73245777545165,
      "csi": 76.53423377769916,
      "hss": 0.6068120768210669,
      "mer_dist": {
        "0": 57.09760240357742,
        "1": 7.945914675330218,
        "2": 11.383658339706852,
        "3": 23.572824581385515
      },
      "myd_dist": {
        "0": 61.23489852751532,
        "1": 6.149105305660883,
        "2": 12.865100574363883,
        "3": 19.75089559245992
      },
      "class_agree": {
        "0": 87.96472651802533,
        "1": 18.208970141882016,
        "2": 35.073111674488686,
        "3": 55.02449231786476
      }
    },
    "Low   0-30": {
      "n": 74477503,
      "agree": 68.61629746099302,
      "pod": 84.48068892906582,
      "far": 9.9862459623552,
      "csi": 77.2413229191625,
      "hss": 0.6092978632440406,
      "mer_dist": {
        "0": 57.533313113357195,
        "1": 7.538131346857856,
        "2": 11.879414109788295,
        "3": 23.049141429996652
      },
      "myd_dist": {
        "0": 62.95149825310336,
        "1": 6.381802300756512,
        "2": 13.234299758948685,
        "3": 17.432399687191445
      },
      "class_agree": {
        "0": 89.10379439606763,
        "1": 20.68913678357711,
        "2": 31.772962526890392,
        "3": 52.14040780185741
      }
    },
    "Mid  30-60": {
      "n": 34762595,
      "agree": 67.27878341648545,
      "pod": 85.43521749084024,
      "far": 16.50669242590897,
      "csi": 73.08988962144716,
      "hss": 0.6186829911106665,
      "mer_dist": {
        "0": 50.2858834330406,
        "1": 9.631306293445585,
        "2": 12.49747034132521,
        "3": 27.585339932188607
      },
      "myd_dist": {
        "0": 52.743153956141654,
        "1": 5.81214089454484,
        "2": 15.045715085424433,
        "3": 26.398990063889073
      },
      "class_agree": {
        "0": 85.64970420483691,
        "1": 15.040476784986792,
        "2": 43.646426643679455,
        "3": 62.735421893803355
      }
    },
    "Water": {
      "n": 4748139,
      "agree": 68.34241794522022,
      "pod": 84.78700879298135,
      "far": 10.35722882380585,
      "csi": 77.22217102341884,
      "hss": 0.6588741386940161,
      "mer_dist": {
        "0": 54.95898498337981,
        "1": 5.675781606225091,
        "2": 11.058606329764146,
        "3": 28.30662708063096
      },
      "myd_dist": {
        "0": 59.54307571871843,
        "1": 4.564251383542057,
        "2": 15.153789726880364,
        "3": 20.73888317085915
      },
      "class_agree": {
        "0": 90.56550051752635,
        "1": 9.484441212049248,
        "2": 36.97660157157603,
        "3": 49.25039321804889
      }
    },
    "Land": {
      "n": 33726958,
      "agree": 64.85705292484427,
      "pod": 85.22203012004675,
      "far": 17.66251691148698,
      "csi": 72.05030387927445,
      "hss": 0.6086141411512096,
      "mer_dist": {
        "0": 46.70066301265593,
        "1": 12.817405589914157,
        "2": 7.680144174283373,
        "3": 32.80178722314654
      },
      "myd_dist": {
        "0": 48.0338724885891,
        "1": 9.469662220945038,
        "2": 11.803296935347682,
        "3": 30.693168355118182
      },
      "class_agree": {
        "0": 80.86390120878973,
        "1": 28.85236625883286,
        "2": 35.819114466047864,
        "3": 62.93556611222317
      }
    },
    "Low   0-30  Water": {
      "n": 2939437,
      "agree": 67.8638460358225,
      "pod": 82.79150335770896,
      "far": 10.925930418422103,
      "csi": 75.15889001699433,
      "hss": 0.5899688355047854,
      "mer_dist": {
        "0": 56.13384467841971,
        "1": 6.971607147899411,
        "2": 11.463725876758032,
        "3": 25.430822296922845
      },
      "myd_dist": {
        "0": 62.68724248895282,
        "1": 5.2069154739496035,
        "2": 10.39090138689824,
        "3": 21.714940650199342
      },
      "class_agree": {
        "0": 89.95199449218464,
        "1": 8.777802719030284,
        "2": 22.6715217126798,
        "3": 55.67801927164783
      }
    },
    "Mid  30-60  Water": {
      "n": 1076906,
      "agree": 55.15142454401777,
      "pod": 75.26153520010305,
      "far": 16.314279125778228,
      "csi": 65.63200167186096,
      "hss": 0.6644488253193287,
      "mer_dist": {
        "0": 31.544814496344156,
        "1": 4.696974480595335,
        "2": 15.33782892843015,
        "3": 48.420382094630355
      },
      "myd_dist": {
        "0": 35.15664319819928,
        "1": 5.141767248023505,
        "2": 38.130626071356275,
        "3": 21.570963482420936
      },
      "class_agree": {
        "0": 85.20464634333015,
        "1": 13.512712031948125,
        "2": 71.09411892912928,
        "3": 34.561466088270606
      }
    },
    "Mid  30-60  Land": {
      "n": 16278806,
      "agree": 61.51645274229572,
      "pod": 81.20077977566848,
      "far": 24.494144298634854,
      "csi": 64.27082763010824,
      "hss": 0.5730789209106945,
      "mer_dist": {
        "0": 38.51043497907648,
        "1": 12.392892943131088,
        "2": 9.819325815419141,
        "3": 39.2773462623733
      },
      "myd_dist": {
        "0": 39.360122603586525,
        "1": 7.973158473662012,
        "2": 13.008877923847733,
        "3": 39.65784099890373
      },
      "class_agree": {
        "0": 75.44548693986431,
        "1": 19.403543643722287,
        "2": 37.13052927520021,
        "3": 67.24344189594962
      }
    },
    "South": {
      "n": 51119679,
      "agree": 65.1309821409481,
      "pod": 80.26787732195928,
      "far": 12.746616466094293,
      "csi": 71.84342897307306,
      "hss": 0.5752835147162215,
      "mer_dist": {
        "0": 49.961060983970576,
        "1": 9.00153344077141,
        "2": 13.744965026091029,
        "3": 27.292440549166987
      },
      "myd_dist": {
        "0": 57.359022148789315,
        "1": 6.734934700978854,
        "2": 13.82908918500838,
        "3": 22.076953965223453
      },
      "class_agree": {
        "0": 86.88030673845907,
        "1": 16.178118049224665,
        "2": 35.5610469228687,
        "3": 56.35453125501727
      }
    },
    "Low   0-30  Land": {
      "n": 14706888,
      "agree": 68.48919363498247,
      "pod": 89.14486117107143,
      "far": 11.947592183295033,
      "csi": 79.52558607486183,
      "hss": 0.6726201811301096,
      "mer_dist": {
        "0": 51.04128759258927,
        "1": 14.526553816143837,
        "2": 6.196049089379072,
        "3": 28.236109501887825
      },
      "myd_dist": {
        "0": 52.686305899657356,
        "1": 12.07801405708672,
        "2": 12.247839243761154,
        "3": 22.987840799494766
      },
      "class_agree": {
        "0": 85.24303661385304,
        "1": 39.365026465031896,
        "2": 35.87340849781508,
        "3": 60.344483394109744
      }
    },
    "North": {
      "n": 67238564,
      "agree": 71.30085794217734,
      "pod": 88.64189703071924,
      "far": 11.079887816450206,
      "csi": 79.82504458218465,
      "hss": 0.6287998568833844,
      "mer_dist": {
        "0": 62.52332366883981,
        "1": 7.143356006234756,
        "2": 9.588420121524308,
        "3": 20.74490020340113
      },
      "myd_dist": {
        "0": 64.18162350998453,
        "1": 5.703714909794921,
        "2": 12.132205857341035,
        "3": 17.982455722879507
      },
      "class_agree": {
        "0": 88.62353125735538,
        "1": 20.154608803915814,
        "2": 34.54133600202013,
        "3": 53.69414491360514
      }
    },
    "High 60-90": {
      "n": 9118145,
      "agree": 73.97190985666492,
      "pod": 89.38617571512206,
      "far": 9.806595339811832,
      "csi": 81.46840295375792,
      "hss": 0.3308617114245987,
      "mer_dist": {
        "0": 79.50812363698977,
        "1": 4.851216996439517,
        "2": 3.0879307139774594,
        "3": 12.552728652593263
      },